Name,Address,Phone,Email
Leanne Graham,"Kulas Light, Gwenborough",1-770-736-8031 x56442,Sincere@april.biz
Ervin Howell,"Victor Plains, Wisokyburgh",010-692-6593 x09125,Shanna@melissa.tv
Clementine Bauch,"Douglas Extension, McKenziehaven",1-463-123-4447,Nathan@yesenia.net
Patricia Lebsack,"Hoeger Mall, South Elvis",493-170-9623 x156,Julianne.OConner@kory.org
Chelsey Dietrich,"Skiles Walks, Roscoeview",(254)954-1289,Lucio_Hettinger@annie.ca
Mrs. Dennis Schulist,"Norberto Crossing, South Christy",1-477-935-8478 x6430,Karley_Dach@jasper.info
Kurtis Weissnat,"Rex Trail, Howemouth",210.067.6132,Telly.Hoeger@billy.biz
Nicholas Runolfsdottir V,"Ellsworth Summit, Aliyaview",586.493.6943 x140,Sherwood@rosamond.me
Glenna Reichert,"Dayna Park, Bartholomebury",(775)976-6794 x41206,Chaim_McDermott@dana.io
Clementina DuBuque,"Kattie Turnpike, Lebsackbury",024-648-3804,Rey.Padberg@karina.biz
